zipcode,market,slot,claim_cnt,served_flag,density_pred,density_succ
28734,Atlanta GA,1700,0,0,0,0
28734,Atlanta GA,1900,0,0,0,0
28734,Atlanta GA,1300,0,0,0,0
28734,Atlanta GA,1500,0,0,0,0
30004,Atlanta GA,1700,0,0,0,0
30004,Atlanta GA,1900,0,0,0,0
30004,Atlanta GA,1300,0,0,0,0
30004,Atlanta GA,1500,0,0,0,0
30005,Atlanta GA,1700,0,0,0,0
30005,Atlanta GA,1900,0,0,0,0
30005,Atlanta GA,1300,0,0,0,0
30005,Atlanta GA,1500,0,0,0,0
30008,Atlanta GA,1700,0,0,0,0
30008,Atlanta GA,1900,0,0,0,0
30008,Atlanta GA,1300,0,0,0,0
30008,Atlanta GA,1500,0,0,0,0
30009,Atlanta GA,1700,0,0,0,0
30009,Atlanta GA,1900,0,0,0,0
30009,Atlanta GA,1300,0,0,0,0
30009,Atlanta GA,1500,0,0,0,0
30011,Atlanta GA,1700,0,0,0,0
30011,Atlanta GA,1900,0,0,0,0
30011,Atlanta GA,1300,0,0,0,0
30011,Atlanta GA,1500,0,0,0,0
30012,Atlanta GA,1700,0,0,0,0
30012,Atlanta GA,1900,0,0,0,0
30012,Atlanta GA,1300,0,0,0,0
30012,Atlanta GA,1500,0,0,0,0
30013,Atlanta GA,1700,0,0,0,0
30013,Atlanta GA,1900,0,0,0,0
30013,Atlanta GA,1300,0,0,0,0
30013,Atlanta GA,1500,0,0,0,0
30014,Atlanta GA,1700,0,0,0,0
30014,Atlanta GA,1900,0,0,0,0
30014,Atlanta GA,1300,0,0,0,0
30014,Atlanta GA,1500,0,0,0,0
30016,Atlanta GA,1700,0,0,0,0
30016,Atlanta GA,1900,0,0,0,0
30016,Atlanta GA,1300,0,0,0,0
30016,Atlanta GA,1500,0,0,0,0
30017,Atlanta GA,1700,0,0,0,0
30017,Atlanta GA,1900,0,0,0,0
30017,Atlanta GA,1300,0,0,0,0
30017,Atlanta GA,1500,0,0,0,0
30019,Atlanta GA,1700,0,0,0,0
30019,Atlanta GA,1900,0,0,0,0
30019,Atlanta GA,1300,0,0,0,0
30019,Atlanta GA,1500,0,0,0,0
30021,Atlanta GA,1700,0,0,0,0
30021,Atlanta GA,1900,0,0,0,0
30021,Atlanta GA,1300,0,0,0,0
30021,Atlanta GA,1500,0,0,0,0
30022,Atlanta GA,1700,0,0,0,0
30022,Atlanta GA,1900,0,0,0,0
30022,Atlanta GA,1300,0,0,0,0
30022,Atlanta GA,1500,0,0,0,0
30024,Atlanta GA,1700,0,0,0,0
30024,Atlanta GA,1900,0,0,0,0
30024,Atlanta GA,1300,0,0,0,0
30024,Atlanta GA,1500,0,0,0,0
30025,Atlanta GA,1700,0,0,0,0
30025,Atlanta GA,1900,0,0,0,0
30025,Atlanta GA,1300,0,0,0,0
30025,Atlanta GA,1500,0,0,0,0
30028,Atlanta GA,1700,0,0,0,0
30028,Atlanta GA,1900,0,0,0,0
30028,Atlanta GA,1300,0,0,0,0
30028,Atlanta GA,1500,0,0,0,0
30030,Atlanta GA,1700,0,0,0,0
30030,Atlanta GA,1900,0,0,0,0
30030,Atlanta GA,1300,0,0,0,0
30030,Atlanta GA,1500,0,0,0,0
30032,Atlanta GA,1700,0,0,0,0
30032,Atlanta GA,1900,0,0,0,0
30032,Atlanta GA,1300,0,0,0,0
30032,Atlanta GA,1500,0,0,0,0
30033,Atlanta GA,1700,0,0,0,0
30033,Atlanta GA,1900,0,0,0,0
30033,Atlanta GA,1300,0,0,0,0
30033,Atlanta GA,1500,0,0,0,0
30034,Atlanta GA,1700,0,0,0,0
30034,Atlanta GA,1900,0,0,0,0
30034,Atlanta GA,1300,0,0,0,0
30034,Atlanta GA,1500,0,0,0,0
30035,Atlanta GA,1700,0,0,0,0
30035,Atlanta GA,1900,0,0,0,0
30035,Atlanta GA,1300,0,0,0,0
30035,Atlanta GA,1500,0,0,0,0
30038,Atlanta GA,1700,0,0,0,0
30038,Atlanta GA,1900,0,0,0,0
30038,Atlanta GA,1300,0,0,0,0
30038,Atlanta GA,1500,0,0,0,0
30039,Atlanta GA,1700,0,0,0,0
30039,Atlanta GA,1900,0,0,0,0
30039,Atlanta GA,1300,0,0,0,0
30039,Atlanta GA,1500,0,0,0,0
30040,Atlanta GA,1700,0,0,0,0
30040,Atlanta GA,1900,0,0,0,0
30040,Atlanta GA,1300,0,0,0,0
30040,Atlanta GA,1500,0,0,0,0
30041,Atlanta GA,1700,0,0,0,0
30041,Atlanta GA,1900,0,0,0,0
30041,Atlanta GA,1300,0,0,0,0
30041,Atlanta GA,1500,0,0,0,0
30043,Atlanta GA,1700,0,0,0,0
30043,Atlanta GA,1900,0,0,0,0
30043,Atlanta GA,1300,0,0,0,0
30043,Atlanta GA,1500,0,0,0,0
30044,Atlanta GA,1700,0,0,0,0
30044,Atlanta GA,1900,0,0,0,0
30044,Atlanta GA,1300,0,0,0,0
30044,Atlanta GA,1500,0,0,0,0
30045,Atlanta GA,1700,0,0,0,0
30045,Atlanta GA,1900,0,0,0,0
30045,Atlanta GA,1300,0,0,0,0
30045,Atlanta GA,1500,0,0,0,0
30046,Atlanta GA,1700,0,0,0,0
30046,Atlanta GA,1900,0,0,0,0
30046,Atlanta GA,1300,0,0,0,0
30046,Atlanta GA,1500,0,0,0,0
30047,Atlanta GA,1700,0,0,0,0
30047,Atlanta GA,1900,0,0,0,0
30047,Atlanta GA,1300,0,0,0,0
30047,Atlanta GA,1500,0,0,0,0
30052,Atlanta GA,1700,0,0,0,0
30052,Atlanta GA,1900,0,0,0,0
30052,Atlanta GA,1300,0,0,0,0
30052,Atlanta GA,1500,0,0,0,0
30054,Atlanta GA,1700,0,0,0,0
30054,Atlanta GA,1900,0,0,0,0
30054,Atlanta GA,1300,0,0,0,0
30054,Atlanta GA,1500,0,0,0,0
30055,Atlanta GA,1700,0,0,0,0
30055,Atlanta GA,1900,0,0,0,0
30055,Atlanta GA,1300,0,0,0,0
30055,Atlanta GA,1500,0,0,0,0
30056,Atlanta GA,1700,0,0,0,0
30056,Atlanta GA,1900,0,0,0,0
30056,Atlanta GA,1300,0,0,0,0
30056,Atlanta GA,1500,0,0,0,0
30058,Atlanta GA,1700,0,0,0,0
30058,Atlanta GA,1900,0,0,0,0
30058,Atlanta GA,1300,0,0,0,0
30058,Atlanta GA,1500,0,0,0,0
30060,Atlanta GA,1700,0,0,0,0
30060,Atlanta GA,1900,0,0,0,0
30060,Atlanta GA,1300,0,0,0,0
30060,Atlanta GA,1500,0,0,0,0
30062,Atlanta GA,1700,0,0,0,0
30062,Atlanta GA,1900,0,0,0,0
30062,Atlanta GA,1300,0,0,0,0
30062,Atlanta GA,1500,0,0,0,0
30064,Atlanta GA,1700,0,0,0,0
30064,Atlanta GA,1900,0,0,0,0
30064,Atlanta GA,1300,0,0,0,0
30064,Atlanta GA,1500,0,0,0,0
30066,Atlanta GA,1700,0,0,0,0
30066,Atlanta GA,1900,0,0,0,0
30066,Atlanta GA,1300,0,0,0,0
30066,Atlanta GA,1500,0,0,0,0
30067,Atlanta GA,1700,0,0,0,0
30067,Atlanta GA,1900,0,0,0,0
30067,Atlanta GA,1300,0,0,0,0
30067,Atlanta GA,1500,0,0,0,0
30068,Atlanta GA,1700,0,0,0,0
30068,Atlanta GA,1900,0,0,0,0
30068,Atlanta GA,1300,0,0,0,0
30068,Atlanta GA,1500,0,0,0,0
30071,Atlanta GA,1700,0,0,0,0
30071,Atlanta GA,1900,0,0,0,0
30071,Atlanta GA,1300,0,0,0,0
30071,Atlanta GA,1500,0,0,0,0
30072,Atlanta GA,1700,0,0,0,0
30072,Atlanta GA,1900,0,0,0,0
30072,Atlanta GA,1300,0,0,0,0
30072,Atlanta GA,1500,0,0,0,0
30075,Atlanta GA,1700,0,0,0,0
30075,Atlanta GA,1900,0,0,0,0
30075,Atlanta GA,1300,0,0,0,0
30075,Atlanta GA,1500,0,0,0,0
30076,Atlanta GA,1700,0,0,0,0
30076,Atlanta GA,1900,0,0,0,0
30076,Atlanta GA,1300,0,0,0,0
30076,Atlanta GA,1500,0,0,0,0
30078,Atlanta GA,1700,0,0,0,0
30078,Atlanta GA,1900,0,0,0,0
30078,Atlanta GA,1300,0,0,0,0
30078,Atlanta GA,1500,0,0,0,0
30079,Atlanta GA,1700,0,0,0,0
30079,Atlanta GA,1900,0,0,0,0
30079,Atlanta GA,1300,0,0,0,0
30079,Atlanta GA,1500,0,0,0,0
30080,Atlanta GA,1700,0,0,0,0
30080,Atlanta GA,1900,0,0,0,0
30080,Atlanta GA,1300,0,0,0,0
30080,Atlanta GA,1500,0,0,0,0
30082,Atlanta GA,1700,0,0,0,0
30082,Atlanta GA,1900,0,0,0,0
30082,Atlanta GA,1300,0,0,0,0
30082,Atlanta GA,1500,0,0,0,0
30083,Atlanta GA,1700,0,0,0,0
30083,Atlanta GA,1900,0,0,0,0
30083,Atlanta GA,1300,0,0,0,0
30083,Atlanta GA,1500,0,0,0,0
30084,Atlanta GA,1700,0,0,0,0
30084,Atlanta GA,1900,0,0,0,0
30084,Atlanta GA,1300,0,0,0,0
30084,Atlanta GA,1500,0,0,0,0
30087,Atlanta GA,1700,0,0,0,0
30087,Atlanta GA,1900,0,0,0,0
30087,Atlanta GA,1300,0,0,0,0
30087,Atlanta GA,1500,0,0,0,0
30088,Atlanta GA,1700,0,0,0,0
30088,Atlanta GA,1900,0,0,0,0
30088,Atlanta GA,1300,0,0,0,0
30088,Atlanta GA,1500,0,0,0,0
30092,Atlanta GA,1700,0,0,0,0
30092,Atlanta GA,1900,0,0,0,0
30092,Atlanta GA,1300,0,0,0,0
30092,Atlanta GA,1500,0,0,0,0
30093,Atlanta GA,1700,0,0,0,0
30093,Atlanta GA,1900,0,0,0,0
30093,Atlanta GA,1300,0,0,0,0
30093,Atlanta GA,1500,0,0,0,0
30094,Atlanta GA,1700,0,0,0,0
30094,Atlanta GA,1900,0,0,0,0
30094,Atlanta GA,1300,0,0,0,0
30094,Atlanta GA,1500,0,0,0,0
30096,Atlanta GA,1700,0,0,0,0
30096,Atlanta GA,1900,0,0,0,0
30096,Atlanta GA,1300,0,0,0,0
30096,Atlanta GA,1500,0,0,0,0
30097,Atlanta GA,1700,0,0,0,0
30097,Atlanta GA,1900,0,0,0,0
30097,Atlanta GA,1300,0,0,0,0
30097,Atlanta GA,1500,0,0,0,0
30101,Atlanta GA,1700,0,0,0,0
30101,Atlanta GA,1900,0,0,0,0
30101,Atlanta GA,1300,0,0,0,0
30101,Atlanta GA,1500,0,0,0,0
30102,Atlanta GA,1700,0,0,0,0
30102,Atlanta GA,1900,0,0,0,0
30102,Atlanta GA,1300,0,0,0,0
30102,Atlanta GA,1500,0,0,0,0
30103,Atlanta GA,1700,0,0,0,0
30103,Atlanta GA,1900,0,0,0,0
30103,Atlanta GA,1300,0,0,0,0
30103,Atlanta GA,1500,0,0,0,0
30104,Atlanta GA,1700,0,0,0,0
30104,Atlanta GA,1900,0,0,0,0
30104,Atlanta GA,1300,0,0,0,0
30104,Atlanta GA,1500,0,0,0,0
30106,Atlanta GA,1700,0,0,0,0
30106,Atlanta GA,1900,0,0,0,0
30106,Atlanta GA,1300,0,0,0,0
30106,Atlanta GA,1500,0,0,0,0
30107,Atlanta GA,1700,0,0,0,0
30107,Atlanta GA,1900,0,0,0,0
30107,Atlanta GA,1300,0,0,0,0
30107,Atlanta GA,1500,0,0,0,0
30108,Atlanta GA,1700,0,0,0,0
30108,Atlanta GA,1900,0,0,0,0
30108,Atlanta GA,1300,0,0,0,0
30108,Atlanta GA,1500,0,0,0,0
30110,Atlanta GA,1700,0,0,0,0
30110,Atlanta GA,1900,0,0,0,0
30110,Atlanta GA,1300,0,0,0,0
30110,Atlanta GA,1500,0,0,0,0
30113,Atlanta GA,1700,0,0,0,0
30113,Atlanta GA,1900,0,0,0,0
30113,Atlanta GA,1300,0,0,0,0
30113,Atlanta GA,1500,0,0,0,0
30114,Atlanta GA,1700,0,0,0,0
30114,Atlanta GA,1900,0,0,0,0
30114,Atlanta GA,1300,0,0,0,0
30114,Atlanta GA,1500,0,0,0,0
30115,Atlanta GA,1700,0,0,0,0
30115,Atlanta GA,1900,0,0,0,0
30115,Atlanta GA,1300,0,0,0,0
30115,Atlanta GA,1500,0,0,0,0
30116,Atlanta GA,1700,0,0,0,0
30116,Atlanta GA,1900,0,0,0,0
30116,Atlanta GA,1300,0,0,0,0
30116,Atlanta GA,1500,0,0,0,0
30117,Atlanta GA,1700,0,0,0,0
30117,Atlanta GA,1900,0,0,0,0
30117,Atlanta GA,1300,0,0,0,0
30117,Atlanta GA,1500,0,0,0,0
30120,Atlanta GA,1700,0,0,0,0
30120,Atlanta GA,1900,0,0,0,0
30120,Atlanta GA,1300,0,0,0,0
30120,Atlanta GA,1500,0,0,0,0
30121,Atlanta GA,1700,0,0,0,0
30121,Atlanta GA,1900,0,0,0,0
30121,Atlanta GA,1300,0,0,0,0
30121,Atlanta GA,1500,0,0,0,0
30122,Atlanta GA,1700,0,0,0,0
30122,Atlanta GA,1900,0,0,0,0
30122,Atlanta GA,1300,0,0,0,0
30122,Atlanta GA,1500,0,0,0,0
30124,Atlanta GA,1700,0,0,0,0
30124,Atlanta GA,1900,0,0,0,0
30124,Atlanta GA,1300,0,0,0,0
30124,Atlanta GA,1500,0,0,0,0
30125,Atlanta GA,1700,0,0,0,0
30125,Atlanta GA,1900,0,0,0,0
30125,Atlanta GA,1300,0,0,0,0
30125,Atlanta GA,1500,0,0,0,0
30126,Atlanta GA,1700,0,0,0,0
30126,Atlanta GA,1900,0,0,0,0
30126,Atlanta GA,1300,0,0,0,0
30126,Atlanta GA,1500,0,0,0,0
30127,Atlanta GA,1700,0,0,0,0
30127,Atlanta GA,1900,0,0,0,0
30127,Atlanta GA,1300,0,0,0,0
30127,Atlanta GA,1500,0,0,0,0
30132,Atlanta GA,1700,0,0,0,0
30132,Atlanta GA,1900,0,0,0,0
30132,Atlanta GA,1300,0,0,0,0
30132,Atlanta GA,1500,0,0,0,0
30134,Atlanta GA,1700,0,0,0,0
30134,Atlanta GA,1900,0,0,0,0
30134,Atlanta GA,1300,0,0,0,0
30134,Atlanta GA,1500,0,0,0,0
30135,Atlanta GA,1700,0,0,0,0
30135,Atlanta GA,1900,0,0,0,0
30135,Atlanta GA,1300,0,0,0,0
30135,Atlanta GA,1500,0,0,0,0
30137,Atlanta GA,1700,0,0,0,0
30137,Atlanta GA,1900,0,0,0,0
30137,Atlanta GA,1300,0,0,0,0
30137,Atlanta GA,1500,0,0,0,0
30139,Atlanta GA,1700,0,0,0,0
30139,Atlanta GA,1900,0,0,0,0
30139,Atlanta GA,1300,0,0,0,0
30139,Atlanta GA,1500,0,0,0,0
30141,Atlanta GA,1700,0,0,0,0
30141,Atlanta GA,1900,0,0,0,0
30141,Atlanta GA,1300,0,0,0,0
30141,Atlanta GA,1500,0,0,0,0
30143,Atlanta GA,1700,0,0,0,0
30143,Atlanta GA,1900,0,0,0,0
30143,Atlanta GA,1300,0,0,0,0
30143,Atlanta GA,1500,0,0,0,0
30144,Atlanta GA,1700,0,0,0,0
30144,Atlanta GA,1900,0,0,0,0
30144,Atlanta GA,1300,0,0,0,0
30144,Atlanta GA,1500,0,0,0,0
30145,Atlanta GA,1700,0,0,0,0
30145,Atlanta GA,1900,0,0,0,0
30145,Atlanta GA,1300,0,0,0,0
30145,Atlanta GA,1500,0,0,0,0
30147,Atlanta GA,1700,0,0,0,0
30147,Atlanta GA,1900,0,0,0,0
30147,Atlanta GA,1300,0,0,0,0
30147,Atlanta GA,1500,0,0,0,0
30152,Atlanta GA,1700,0,0,0,0
30152,Atlanta GA,1900,0,0,0,0
30152,Atlanta GA,1300,0,0,0,0
30152,Atlanta GA,1500,0,0,0,0
30153,Atlanta GA,1700,0,0,0,0
30153,Atlanta GA,1900,0,0,0,0
30153,Atlanta GA,1300,0,0,0,0
30153,Atlanta GA,1500,0,0,0,0
30157,Atlanta GA,1700,0,0,0,0
30157,Atlanta GA,1900,0,0,0,0
30157,Atlanta GA,1300,0,0,0,0
30157,Atlanta GA,1500,0,0,0,0
30161,Atlanta GA,1700,0,0,0,0
30161,Atlanta GA,1900,0,0,0,0
30161,Atlanta GA,1300,0,0,0,0
30161,Atlanta GA,1500,0,0,0,0
30165,Atlanta GA,1700,0,0,0,0
30165,Atlanta GA,1900,0,0,0,0
30165,Atlanta GA,1300,0,0,0,0
30165,Atlanta GA,1500,0,0,0,0
30168,Atlanta GA,1700,0,0,0,0
30168,Atlanta GA,1900,0,0,0,0
30168,Atlanta GA,1300,0,0,0,0
30168,Atlanta GA,1500,0,0,0,0
30171,Atlanta GA,1700,0,0,0,0
30171,Atlanta GA,1900,0,0,0,0
30171,Atlanta GA,1300,0,0,0,0
30171,Atlanta GA,1500,0,0,0,0
30173,Atlanta GA,1700,0,0,0,0
30173,Atlanta GA,1900,0,0,0,0
30173,Atlanta GA,1300,0,0,0,0
30173,Atlanta GA,1500,0,0,0,0
30175,Atlanta GA,1700,0,0,0,0
30175,Atlanta GA,1900,0,0,0,0
30175,Atlanta GA,1300,0,0,0,0
30175,Atlanta GA,1500,0,0,0,0
30176,Atlanta GA,1700,0,0,0,0
30176,Atlanta GA,1900,0,0,0,0
30176,Atlanta GA,1300,0,0,0,0
30176,Atlanta GA,1500,0,0,0,0
30178,Atlanta GA,1700,0,0,0,0
30178,Atlanta GA,1900,0,0,0,0
30178,Atlanta GA,1300,0,0,0,0
30178,Atlanta GA,1500,0,0,0,0
30179,Atlanta GA,1700,0,0,0,0
30179,Atlanta GA,1900,0,0,0,0
30179,Atlanta GA,1300,0,0,0,0
30179,Atlanta GA,1500,0,0,0,0
30180,Atlanta GA,1700,0,0,0,0
30180,Atlanta GA,1900,0,0,0,0
30180,Atlanta GA,1300,0,0,0,0
30180,Atlanta GA,1500,0,0,0,0
30182,Atlanta GA,1700,0,0,0,0
30182,Atlanta GA,1900,0,0,0,0
30182,Atlanta GA,1300,0,0,0,0
30182,Atlanta GA,1500,0,0,0,0
30183,Atlanta GA,1700,0,0,0,0
30183,Atlanta GA,1900,0,0,0,0
30183,Atlanta GA,1300,0,0,0,0
30183,Atlanta GA,1500,0,0,0,0
30185,Atlanta GA,1700,0,0,0,0
30185,Atlanta GA,1900,0,0,0,0
30185,Atlanta GA,1300,0,0,0,0
30185,Atlanta GA,1500,0,0,0,0
30187,Atlanta GA,1700,0,0,0,0
30187,Atlanta GA,1900,0,0,0,0
30187,Atlanta GA,1300,0,0,0,0
30187,Atlanta GA,1500,0,0,0,0
30188,Atlanta GA,1700,0,0,0,0
30188,Atlanta GA,1900,0,0,0,0
30188,Atlanta GA,1300,0,0,0,0
30188,Atlanta GA,1500,0,0,0,0
30189,Atlanta GA,1700,0,0,0,0
30189,Atlanta GA,1900,0,0,0,0
30189,Atlanta GA,1300,0,0,0,0
30189,Atlanta GA,1500,0,0,0,0
30204,Atlanta GA,1700,0,0,0,0
30204,Atlanta GA,1900,0,0,0,0
30204,Atlanta GA,1300,0,0,0,0
30204,Atlanta GA,1500,0,0,0,0
30205,Atlanta GA,1700,0,0,0,0
30205,Atlanta GA,1900,0,0,0,0
30205,Atlanta GA,1300,0,0,0,0
30205,Atlanta GA,1500,0,0,0,0
30213,Atlanta GA,1700,0,0,0,0
30213,Atlanta GA,1900,0,0,0,0
30213,Atlanta GA,1300,0,0,0,0
30213,Atlanta GA,1500,0,0,0,0
30214,Atlanta GA,1700,0,0,0,0
30214,Atlanta GA,1900,0,0,0,0
30214,Atlanta GA,1300,0,0,0,0
30214,Atlanta GA,1500,0,0,0,0
30215,Atlanta GA,1700,0,0,0,0
30215,Atlanta GA,1900,0,0,0,0
30215,Atlanta GA,1300,0,0,0,0
30215,Atlanta GA,1500,0,0,0,0
30216,Atlanta GA,1700,0,0,0,0
30216,Atlanta GA,1900,0,0,0,0
30216,Atlanta GA,1300,0,0,0,0
30216,Atlanta GA,1500,0,0,0,0
30223,Atlanta GA,1700,0,0,0,0
30223,Atlanta GA,1900,0,0,0,0
30223,Atlanta GA,1300,0,0,0,0
30223,Atlanta GA,1500,0,0,0,0
30224,Atlanta GA,1700,0,0,0,0
30224,Atlanta GA,1900,0,0,0,0
30224,Atlanta GA,1300,0,0,0,0
30224,Atlanta GA,1500,0,0,0,0
30228,Atlanta GA,1700,0,0,0,0
30228,Atlanta GA,1900,0,0,0,0
30228,Atlanta GA,1300,0,0,0,0
30228,Atlanta GA,1500,0,0,0,0
30233,Atlanta GA,1700,0,0,0,0
30233,Atlanta GA,1900,0,0,0,0
30233,Atlanta GA,1300,0,0,0,0
30233,Atlanta GA,1500,0,0,0,0
30234,Atlanta GA,1700,0,0,0,0
30234,Atlanta GA,1900,0,0,0,0
30234,Atlanta GA,1300,0,0,0,0
30234,Atlanta GA,1500,0,0,0,0
30236,Atlanta GA,1700,0,0,0,0
30236,Atlanta GA,1900,0,0,0,0
30236,Atlanta GA,1300,0,0,0,0
30236,Atlanta GA,1500,0,0,0,0
30238,Atlanta GA,1700,0,0,0,0
30238,Atlanta GA,1900,0,0,0,0
30238,Atlanta GA,1300,0,0,0,0
30238,Atlanta GA,1500,0,0,0,0
30248,Atlanta GA,1700,0,0,0,0
30248,Atlanta GA,1900,0,0,0,0
30248,Atlanta GA,1300,0,0,0,0
30248,Atlanta GA,1500,0,0,0,0
30252,Atlanta GA,1700,0,0,0,0
30252,Atlanta GA,1900,0,0,0,0
30252,Atlanta GA,1300,0,0,0,0
30252,Atlanta GA,1500,0,0,0,0
30253,Atlanta GA,1700,0,0,0,0
30253,Atlanta GA,1900,0,0,0,0
30253,Atlanta GA,1300,0,0,0,0
30253,Atlanta GA,1500,0,0,0,0
30257,Atlanta GA,1700,0,0,0,0
30257,Atlanta GA,1900,0,0,0,0
30257,Atlanta GA,1300,0,0,0,0
30257,Atlanta GA,1500,0,0,0,0
30260,Atlanta GA,1700,0,0,0,0
30260,Atlanta GA,1900,0,0,0,0
30260,Atlanta GA,1300,0,0,0,0
30260,Atlanta GA,1500,0,0,0,0
30263,Atlanta GA,1700,0,0,0,0
30263,Atlanta GA,1900,0,0,0,0
30263,Atlanta GA,1300,0,0,0,0
30263,Atlanta GA,1500,0,0,0,0
30265,Atlanta GA,1700,0,0,0,0
30265,Atlanta GA,1900,0,0,0,0
30265,Atlanta GA,1300,0,0,0,0
30265,Atlanta GA,1500,0,0,0,0
30268,Atlanta GA,1700,0,0,0,0
30268,Atlanta GA,1900,0,0,0,0
30268,Atlanta GA,1300,0,0,0,0
30268,Atlanta GA,1500,0,0,0,0
30269,Atlanta GA,1700,0,0,0,0
30269,Atlanta GA,1900,0,0,0,0
30269,Atlanta GA,1300,0,0,0,0
30269,Atlanta GA,1500,0,0,0,0
30273,Atlanta GA,1700,0,0,0,0
30273,Atlanta GA,1900,0,0,0,0
30273,Atlanta GA,1300,0,0,0,0
30273,Atlanta GA,1500,0,0,0,0
30274,Atlanta GA,1700,0,0,0,0
30274,Atlanta GA,1900,0,0,0,0
30274,Atlanta GA,1300,0,0,0,0
30274,Atlanta GA,1500,0,0,0,0
30276,Atlanta GA,1700,0,0,0,0
30276,Atlanta GA,1900,0,0,0,0
30276,Atlanta GA,1300,0,0,0,0
30276,Atlanta GA,1500,0,0,0,0
30277,Atlanta GA,1700,0,0,0,0
30277,Atlanta GA,1900,0,0,0,0
30277,Atlanta GA,1300,0,0,0,0
30277,Atlanta GA,1500,0,0,0,0
30281,Atlanta GA,1700,0,0,0,0
30281,Atlanta GA,1900,0,0,0,0
30281,Atlanta GA,1300,0,0,0,0
30281,Atlanta GA,1500,0,0,0,0
30288,Atlanta GA,1700,0,0,0,0
30288,Atlanta GA,1900,0,0,0,0
30288,Atlanta GA,1300,0,0,0,0
30288,Atlanta GA,1500,0,0,0,0
30290,Atlanta GA,1700,0,0,0,0
30290,Atlanta GA,1900,0,0,0,0
30290,Atlanta GA,1300,0,0,0,0
30290,Atlanta GA,1500,0,0,0,0
30291,Atlanta GA,1700,0,0,0,0
30291,Atlanta GA,1900,0,0,0,0
30291,Atlanta GA,1300,0,0,0,0
30291,Atlanta GA,1500,0,0,0,0
30292,Atlanta GA,1700,0,0,0,0
30292,Atlanta GA,1900,0,0,0,0
30292,Atlanta GA,1300,0,0,0,0
30292,Atlanta GA,1500,0,0,0,0
30294,Atlanta GA,1700,0,0,0,0
30294,Atlanta GA,1900,0,0,0,0
30294,Atlanta GA,1300,0,0,0,0
30294,Atlanta GA,1500,0,0,0,0
30295,Atlanta GA,1700,0,0,0,0
30295,Atlanta GA,1900,0,0,0,0
30295,Atlanta GA,1300,0,0,0,0
30295,Atlanta GA,1500,0,0,0,0
30296,Atlanta GA,1700,0,0,0,0
30296,Atlanta GA,1900,0,0,0,0
30296,Atlanta GA,1300,0,0,0,0
30296,Atlanta GA,1500,0,0,0,0
30297,Atlanta GA,1700,0,0,0,0
30297,Atlanta GA,1900,0,0,0,0
30297,Atlanta GA,1300,0,0,0,0
30297,Atlanta GA,1500,0,0,0,0
30303,Atlanta GA,1700,0,0,0,0
30303,Atlanta GA,1900,0,0,0,0
30303,Atlanta GA,1300,0,0,0,0
30303,Atlanta GA,1500,0,0,0,0
30305,Atlanta GA,1700,0,0,0,0
30305,Atlanta GA,1900,0,0,0,0
30305,Atlanta GA,1300,0,0,0,0
30305,Atlanta GA,1500,0,0,0,0
30306,Atlanta GA,1700,0,0,0,0
30306,Atlanta GA,1900,0,0,0,0
30306,Atlanta GA,1300,0,0,0,0
30306,Atlanta GA,1500,0,0,0,0
30307,Atlanta GA,1700,0,0,0,0
30307,Atlanta GA,1900,0,0,0,0
30307,Atlanta GA,1300,0,0,0,0
30307,Atlanta GA,1500,0,0,0,0
30308,Atlanta GA,1700,0,0,0,0
30308,Atlanta GA,1900,0,0,0,0
30308,Atlanta GA,1300,0,0,0,0
30308,Atlanta GA,1500,0,0,0,0
30309,Atlanta GA,1700,0,0,0,0
30309,Atlanta GA,1900,0,0,0,0
30309,Atlanta GA,1300,0,0,0,0
30309,Atlanta GA,1500,0,0,0,0
30310,Atlanta GA,1700,0,0,0,0
30310,Atlanta GA,1900,0,0,0,0
30310,Atlanta GA,1300,0,0,0,0
30310,Atlanta GA,1500,0,0,0,0
30311,Atlanta GA,1700,0,0,0,0
30311,Atlanta GA,1900,0,0,0,0
30311,Atlanta GA,1300,0,0,0,0
30311,Atlanta GA,1500,0,0,0,0
30312,Atlanta GA,1700,0,0,0,0
30312,Atlanta GA,1900,0,0,0,0
30312,Atlanta GA,1300,0,0,0,0
30312,Atlanta GA,1500,0,0,0,0
30313,Atlanta GA,1700,0,0,0,0
30313,Atlanta GA,1900,0,0,0,0
30313,Atlanta GA,1300,0,0,0,0
30313,Atlanta GA,1500,0,0,0,0
30314,Atlanta GA,1700,0,0,0,0
30314,Atlanta GA,1900,0,0,0,0
30314,Atlanta GA,1300,0,0,0,0
30314,Atlanta GA,1500,0,0,0,0
30315,Atlanta GA,1700,0,0,0,0
30315,Atlanta GA,1900,0,0,0,0
30315,Atlanta GA,1300,0,0,0,0
30315,Atlanta GA,1500,0,0,0,0
30316,Atlanta GA,1700,0,0,0,0
30316,Atlanta GA,1900,0,0,0,0
30316,Atlanta GA,1300,0,0,0,0
30316,Atlanta GA,1500,0,0,0,0
30317,Atlanta GA,1700,0,0,0,0
30317,Atlanta GA,1900,0,0,0,0
30317,Atlanta GA,1300,0,0,0,0
30317,Atlanta GA,1500,0,0,0,0
30318,Atlanta GA,1700,0,0,0,0
30318,Atlanta GA,1900,0,0,0,0
30318,Atlanta GA,1300,0,0,0,0
30318,Atlanta GA,1500,0,0,0,0
30319,Atlanta GA,1700,0,0,0,0
30319,Atlanta GA,1900,0,0,0,0
30319,Atlanta GA,1300,0,0,0,0
30319,Atlanta GA,1500,0,0,0,0
30324,Atlanta GA,1700,0,0,0,0
30324,Atlanta GA,1900,0,0,0,0
30324,Atlanta GA,1300,0,0,0,0
30324,Atlanta GA,1500,0,0,0,0
30326,Atlanta GA,1700,0,0,0,0
30326,Atlanta GA,1900,0,0,0,0
30326,Atlanta GA,1300,0,0,0,0
30326,Atlanta GA,1500,0,0,0,0
30327,Atlanta GA,1700,0,0,0,0
30327,Atlanta GA,1900,0,0,0,0
30327,Atlanta GA,1300,0,0,0,0
30327,Atlanta GA,1500,0,0,0,0
30328,Atlanta GA,1700,0,0,0,0
30328,Atlanta GA,1900,0,0,0,0
30328,Atlanta GA,1300,0,0,0,0
30328,Atlanta GA,1500,0,0,0,0
30329,Atlanta GA,1700,0,0,0,0
30329,Atlanta GA,1900,0,0,0,0
30329,Atlanta GA,1300,0,0,0,0
30329,Atlanta GA,1500,0,0,0,0
30331,Atlanta GA,1700,0,0,0,0
30331,Atlanta GA,1900,0,0,0,0
30331,Atlanta GA,1300,0,0,0,0
30331,Atlanta GA,1500,0,0,0,0
30337,Atlanta GA,1700,0,0,0,0
30337,Atlanta GA,1900,0,0,0,0
30337,Atlanta GA,1300,0,0,0,0
30337,Atlanta GA,1500,0,0,0,0
30338,Atlanta GA,1700,0,0,0,0
30338,Atlanta GA,1900,0,0,0,0
30338,Atlanta GA,1300,0,0,0,0
30338,Atlanta GA,1500,0,0,0,0
30339,Atlanta GA,1700,0,0,0,0
30339,Atlanta GA,1900,0,0,0,0
30339,Atlanta GA,1300,0,0,0,0
30339,Atlanta GA,1500,0,0,0,0
30340,Atlanta GA,1700,0,0,0,0
30340,Atlanta GA,1900,0,0,0,0
30340,Atlanta GA,1300,0,0,0,0
30340,Atlanta GA,1500,0,0,0,0
30341,Atlanta GA,1700,0,0,0,0
30341,Atlanta GA,1900,0,0,0,0
30341,Atlanta GA,1300,0,0,0,0
30341,Atlanta GA,1500,0,0,0,0
30342,Atlanta GA,1700,0,0,0,0
30342,Atlanta GA,1900,0,0,0,0
30342,Atlanta GA,1300,0,0,0,0
30342,Atlanta GA,1500,0,0,0,0
30344,Atlanta GA,1700,0,0,0,0
30344,Atlanta GA,1900,0,0,0,0
30344,Atlanta GA,1300,0,0,0,0
30344,Atlanta GA,1500,0,0,0,0
30345,Atlanta GA,1700,0,0,0,0
30345,Atlanta GA,1900,0,0,0,0
30345,Atlanta GA,1300,0,0,0,0
30345,Atlanta GA,1500,0,0,0,0
30346,Atlanta GA,1700,0,0,0,0
30346,Atlanta GA,1900,0,0,0,0
30346,Atlanta GA,1300,0,0,0,0
30346,Atlanta GA,1500,0,0,0,0
30349,Atlanta GA,1700,0,0,0,0
30349,Atlanta GA,1900,0,0,0,0
30349,Atlanta GA,1300,0,0,0,0
30349,Atlanta GA,1500,0,0,0,0
30350,Atlanta GA,1700,0,0,0,0
30350,Atlanta GA,1900,0,0,0,0
30350,Atlanta GA,1300,0,0,0,0
30350,Atlanta GA,1500,0,0,0,0
30354,Atlanta GA,1700,0,0,0,0
30354,Atlanta GA,1900,0,0,0,0
30354,Atlanta GA,1300,0,0,0,0
30354,Atlanta GA,1500,0,0,0,0
30360,Atlanta GA,1700,0,0,0,0
30360,Atlanta GA,1900,0,0,0,0
30360,Atlanta GA,1300,0,0,0,0
30360,Atlanta GA,1500,0,0,0,0
30363,Atlanta GA,1700,0,0,0,0
30363,Atlanta GA,1900,0,0,0,0
30363,Atlanta GA,1300,0,0,0,0
30363,Atlanta GA,1500,0,0,0,0
30501,Atlanta GA,1700,0,0,0,0
30501,Atlanta GA,1900,0,0,0,0
30501,Atlanta GA,1300,0,0,0,0
30501,Atlanta GA,1500,0,0,0,0
30504,Atlanta GA,1700,0,0,0,0
30504,Atlanta GA,1900,0,0,0,0
30504,Atlanta GA,1300,0,0,0,0
30504,Atlanta GA,1500,0,0,0,0
30506,Atlanta GA,1700,0,0,0,0
30506,Atlanta GA,1900,0,0,0,0
30506,Atlanta GA,1300,0,0,0,0
30506,Atlanta GA,1500,0,0,0,0
30507,Atlanta GA,1700,0,0,0,0
30507,Atlanta GA,1900,0,0,0,0
30507,Atlanta GA,1300,0,0,0,0
30507,Atlanta GA,1500,0,0,0,0
30511,Atlanta GA,1700,0,0,0,0
30511,Atlanta GA,1900,0,0,0,0
30511,Atlanta GA,1300,0,0,0,0
30511,Atlanta GA,1500,0,0,0,0
30512,Atlanta GA,1700,0,0,0,0
30512,Atlanta GA,1900,0,0,0,0
30512,Atlanta GA,1300,0,0,0,0
30512,Atlanta GA,1500,0,0,0,0
30513,Atlanta GA,1700,0,0,0,0
30513,Atlanta GA,1900,0,0,0,0
30513,Atlanta GA,1300,0,0,0,0
30513,Atlanta GA,1500,0,0,0,0
30517,Atlanta GA,1700,0,0,0,0
30517,Atlanta GA,1900,0,0,0,0
30517,Atlanta GA,1300,0,0,0,0
30517,Atlanta GA,1500,0,0,0,0
30518,Atlanta GA,1700,0,0,0,0
30518,Atlanta GA,1900,0,0,0,0
30518,Atlanta GA,1300,0,0,0,0
30518,Atlanta GA,1500,0,0,0,0
30519,Atlanta GA,1700,0,0,0,0
30519,Atlanta GA,1900,0,0,0,0
30519,Atlanta GA,1300,0,0,0,0
30519,Atlanta GA,1500,0,0,0,0
30520,Atlanta GA,1700,0,0,0,0
30520,Atlanta GA,1900,0,0,0,0
30520,Atlanta GA,1300,0,0,0,0
30520,Atlanta GA,1500,0,0,0,0
30521,Atlanta GA,1700,0,0,0,0
30521,Atlanta GA,1900,0,0,0,0
30521,Atlanta GA,1300,0,0,0,0
30521,Atlanta GA,1500,0,0,0,0
30523,Atlanta GA,1700,0,0,0,0
30523,Atlanta GA,1900,0,0,0,0
30523,Atlanta GA,1300,0,0,0,0
30523,Atlanta GA,1500,0,0,0,0
30525,Atlanta GA,1700,0,0,0,0
30525,Atlanta GA,1900,0,0,0,0
30525,Atlanta GA,1300,0,0,0,0
30525,Atlanta GA,1500,0,0,0,0
30527,Atlanta GA,1700,0,0,0,0
30527,Atlanta GA,1900,0,0,0,0
30527,Atlanta GA,1300,0,0,0,0
30527,Atlanta GA,1500,0,0,0,0
30528,Atlanta GA,1700,0,0,0,0
30528,Atlanta GA,1900,0,0,0,0
30528,Atlanta GA,1300,0,0,0,0
30528,Atlanta GA,1500,0,0,0,0
30529,Atlanta GA,1700,0,0,0,0
30529,Atlanta GA,1900,0,0,0,0
30529,Atlanta GA,1300,0,0,0,0
30529,Atlanta GA,1500,0,0,0,0
30530,Atlanta GA,1700,0,0,0,0
30530,Atlanta GA,1900,0,0,0,0
30530,Atlanta GA,1300,0,0,0,0
30530,Atlanta GA,1500,0,0,0,0
30531,Atlanta GA,1700,0,0,0,0
30531,Atlanta GA,1900,0,0,0,0
30531,Atlanta GA,1300,0,0,0,0
30531,Atlanta GA,1500,0,0,0,0
30533,Atlanta GA,1700,0,0,0,0
30533,Atlanta GA,1900,0,0,0,0
30533,Atlanta GA,1300,0,0,0,0
30533,Atlanta GA,1500,0,0,0,0
30534,Atlanta GA,1700,0,0,0,0
30534,Atlanta GA,1900,0,0,0,0
30534,Atlanta GA,1300,0,0,0,0
30534,Atlanta GA,1500,0,0,0,0
30535,Atlanta GA,1700,0,0,0,0
30535,Atlanta GA,1900,0,0,0,0
30535,Atlanta GA,1300,0,0,0,0
30535,Atlanta GA,1500,0,0,0,0
30536,Atlanta GA,1700,0,0,0,0
30536,Atlanta GA,1900,0,0,0,0
30536,Atlanta GA,1300,0,0,0,0
30536,Atlanta GA,1500,0,0,0,0
30538,Atlanta GA,1700,0,0,0,0
30538,Atlanta GA,1900,0,0,0,0
30538,Atlanta GA,1300,0,0,0,0
30538,Atlanta GA,1500,0,0,0,0
30540,Atlanta GA,1700,0,0,0,0
30540,Atlanta GA,1900,0,0,0,0
30540,Atlanta GA,1300,0,0,0,0
30540,Atlanta GA,1500,0,0,0,0
30542,Atlanta GA,1700,0,0,0,0
30542,Atlanta GA,1900,0,0,0,0
30542,Atlanta GA,1300,0,0,0,0
30542,Atlanta GA,1500,0,0,0,0
30543,Atlanta GA,1700,0,0,0,0
30543,Atlanta GA,1900,0,0,0,0
30543,Atlanta GA,1300,0,0,0,0
30543,Atlanta GA,1500,0,0,0,0
30546,Atlanta GA,1700,0,0,0,0
30546,Atlanta GA,1900,0,0,0,0
30546,Atlanta GA,1300,0,0,0,0
30546,Atlanta GA,1500,0,0,0,0
30548,Atlanta GA,1700,0,0,0,0
30548,Atlanta GA,1900,0,0,0,0
30548,Atlanta GA,1300,0,0,0,0
30548,Atlanta GA,1500,0,0,0,0
30549,Atlanta GA,1700,0,0,0,0
30549,Atlanta GA,1900,0,0,0,0
30549,Atlanta GA,1300,0,0,0,0
30549,Atlanta GA,1500,0,0,0,0
30554,Atlanta GA,1700,0,0,0,0
30554,Atlanta GA,1900,0,0,0,0
30554,Atlanta GA,1300,0,0,0,0
30554,Atlanta GA,1500,0,0,0,0
30558,Atlanta GA,1700,0,0,0,0
30558,Atlanta GA,1900,0,0,0,0
30558,Atlanta GA,1300,0,0,0,0
30558,Atlanta GA,1500,0,0,0,0
30559,Atlanta GA,1700,0,0,0,0
30559,Atlanta GA,1900,0,0,0,0
30559,Atlanta GA,1300,0,0,0,0
30559,Atlanta GA,1500,0,0,0,0
30560,Atlanta GA,1700,0,0,0,0
30560,Atlanta GA,1900,0,0,0,0
30560,Atlanta GA,1300,0,0,0,0
30560,Atlanta GA,1500,0,0,0,0
30563,Atlanta GA,1700,0,0,0,0
30563,Atlanta GA,1900,0,0,0,0
30563,Atlanta GA,1300,0,0,0,0
30563,Atlanta GA,1500,0,0,0,0
30565,Atlanta GA,1700,0,0,0,0
30565,Atlanta GA,1900,0,0,0,0
30565,Atlanta GA,1300,0,0,0,0
30565,Atlanta GA,1500,0,0,0,0
30566,Atlanta GA,1700,0,0,0,0
30566,Atlanta GA,1900,0,0,0,0
30566,Atlanta GA,1300,0,0,0,0
30566,Atlanta GA,1500,0,0,0,0
30567,Atlanta GA,1700,0,0,0,0
30567,Atlanta GA,1900,0,0,0,0
30567,Atlanta GA,1300,0,0,0,0
30567,Atlanta GA,1500,0,0,0,0
30568,Atlanta GA,1700,0,0,0,0
30568,Atlanta GA,1900,0,0,0,0
30568,Atlanta GA,1300,0,0,0,0
30568,Atlanta GA,1500,0,0,0,0
30571,Atlanta GA,1700,0,0,0,0
30571,Atlanta GA,1900,0,0,0,0
30571,Atlanta GA,1300,0,0,0,0
30571,Atlanta GA,1500,0,0,0,0
30577,Atlanta GA,1700,0,0,0,0
30577,Atlanta GA,1900,0,0,0,0
30577,Atlanta GA,1300,0,0,0,0
30577,Atlanta GA,1500,0,0,0,0
30601,Atlanta GA,1700,0,0,0,0
30601,Atlanta GA,1900,0,0,0,0
30601,Atlanta GA,1300,0,0,0,0
30601,Atlanta GA,1500,0,0,0,0
30605,Atlanta GA,1700,0,0,0,0
30605,Atlanta GA,1900,0,0,0,0
30605,Atlanta GA,1300,0,0,0,0
30605,Atlanta GA,1500,0,0,0,0
30606,Atlanta GA,1700,0,0,0,0
30606,Atlanta GA,1900,0,0,0,0
30606,Atlanta GA,1300,0,0,0,0
30606,Atlanta GA,1500,0,0,0,0
30607,Atlanta GA,1700,0,0,0,0
30607,Atlanta GA,1900,0,0,0,0
30607,Atlanta GA,1300,0,0,0,0
30607,Atlanta GA,1500,0,0,0,0
30620,Atlanta GA,1700,0,0,0,0
30620,Atlanta GA,1900,0,0,0,0
30620,Atlanta GA,1300,0,0,0,0
30620,Atlanta GA,1500,0,0,0,0
30621,Atlanta GA,1700,0,0,0,0
30621,Atlanta GA,1900,0,0,0,0
30621,Atlanta GA,1300,0,0,0,0
30621,Atlanta GA,1500,0,0,0,0
30622,Atlanta GA,1700,0,0,0,0
30622,Atlanta GA,1900,0,0,0,0
30622,Atlanta GA,1300,0,0,0,0
30622,Atlanta GA,1500,0,0,0,0
30624,Atlanta GA,1700,0,0,0,0
30624,Atlanta GA,1900,0,0,0,0
30624,Atlanta GA,1300,0,0,0,0
30624,Atlanta GA,1500,0,0,0,0
30625,Atlanta GA,1700,0,0,0,0
30625,Atlanta GA,1900,0,0,0,0
30625,Atlanta GA,1300,0,0,0,0
30625,Atlanta GA,1500,0,0,0,0
30627,Atlanta GA,1700,0,0,0,0
30627,Atlanta GA,1900,0,0,0,0
30627,Atlanta GA,1300,0,0,0,0
30627,Atlanta GA,1500,0,0,0,0
30628,Atlanta GA,1700,0,0,0,0
30628,Atlanta GA,1900,0,0,0,0
30628,Atlanta GA,1300,0,0,0,0
30628,Atlanta GA,1500,0,0,0,0
30629,Atlanta GA,1700,0,0,0,0
30629,Atlanta GA,1900,0,0,0,0
30629,Atlanta GA,1300,0,0,0,0
30629,Atlanta GA,1500,0,0,0,0
30630,Atlanta GA,1700,0,0,0,0
30630,Atlanta GA,1900,0,0,0,0
30630,Atlanta GA,1300,0,0,0,0
30630,Atlanta GA,1500,0,0,0,0
30631,Atlanta GA,1700,0,0,0,0
30631,Atlanta GA,1900,0,0,0,0
30631,Atlanta GA,1300,0,0,0,0
30631,Atlanta GA,1500,0,0,0,0
30642,Atlanta GA,1700,0,0,0,0
30642,Atlanta GA,1900,0,0,0,0
30642,Atlanta GA,1300,0,0,0,0
30642,Atlanta GA,1500,0,0,0,0
30650,Atlanta GA,1700,0,0,0,0
30650,Atlanta GA,1900,0,0,0,0
30650,Atlanta GA,1300,0,0,0,0
30650,Atlanta GA,1500,0,0,0,0
30655,Atlanta GA,1700,0,0,0,0
30655,Atlanta GA,1900,0,0,0,0
30655,Atlanta GA,1300,0,0,0,0
30655,Atlanta GA,1500,0,0,0,0
30656,Atlanta GA,1700,0,0,0,0
30656,Atlanta GA,1900,0,0,0,0
30656,Atlanta GA,1300,0,0,0,0
30656,Atlanta GA,1500,0,0,0,0
30662,Atlanta GA,1700,0,0,0,0
30662,Atlanta GA,1900,0,0,0,0
30662,Atlanta GA,1300,0,0,0,0
30662,Atlanta GA,1500,0,0,0,0
30663,Atlanta GA,1700,0,0,0,0
30663,Atlanta GA,1900,0,0,0,0
30663,Atlanta GA,1300,0,0,0,0
30663,Atlanta GA,1500,0,0,0,0
30666,Atlanta GA,1700,0,0,0,0
30666,Atlanta GA,1900,0,0,0,0
30666,Atlanta GA,1300,0,0,0,0
30666,Atlanta GA,1500,0,0,0,0
30667,Atlanta GA,1700,0,0,0,0
30667,Atlanta GA,1900,0,0,0,0
30667,Atlanta GA,1300,0,0,0,0
30667,Atlanta GA,1500,0,0,0,0
30669,Atlanta GA,1700,0,0,0,0
30669,Atlanta GA,1900,0,0,0,0
30669,Atlanta GA,1300,0,0,0,0
30669,Atlanta GA,1500,0,0,0,0
30677,Atlanta GA,1700,0,0,0,0
30677,Atlanta GA,1900,0,0,0,0
30677,Atlanta GA,1300,0,0,0,0
30677,Atlanta GA,1500,0,0,0,0
30680,Atlanta GA,1700,0,0,0,0
30680,Atlanta GA,1900,0,0,0,0
30680,Atlanta GA,1300,0,0,0,0
30680,Atlanta GA,1500,0,0,0,0
30683,Atlanta GA,1700,0,0,0,0
30683,Atlanta GA,1900,0,0,0,0
30683,Atlanta GA,1300,0,0,0,0
30683,Atlanta GA,1500,0,0,0,0
30701,Atlanta GA,1700,0,0,0,0
30701,Atlanta GA,1900,0,0,0,0
30701,Atlanta GA,1300,0,0,0,0
30701,Atlanta GA,1500,0,0,0,0
30705,Atlanta GA,1700,0,0,0,0
30705,Atlanta GA,1900,0,0,0,0
30705,Atlanta GA,1300,0,0,0,0
30705,Atlanta GA,1500,0,0,0,0
30707,Atlanta GA,1700,0,0,0,0
30707,Atlanta GA,1900,0,0,0,0
30707,Atlanta GA,1300,0,0,0,0
30707,Atlanta GA,1500,0,0,0,0
30720,Atlanta GA,1700,0,0,0,0
30720,Atlanta GA,1900,0,0,0,0
30720,Atlanta GA,1300,0,0,0,0
30720,Atlanta GA,1500,0,0,0,0
30721,Atlanta GA,1700,0,0,0,0
30721,Atlanta GA,1900,0,0,0,0
30721,Atlanta GA,1300,0,0,0,0
30721,Atlanta GA,1500,0,0,0,0
30728,Atlanta GA,1700,0,0,0,0
30728,Atlanta GA,1900,0,0,0,0
30728,Atlanta GA,1300,0,0,0,0
30728,Atlanta GA,1500,0,0,0,0
30734,Atlanta GA,1700,0,0,0,0
30734,Atlanta GA,1900,0,0,0,0
30734,Atlanta GA,1300,0,0,0,0
30734,Atlanta GA,1500,0,0,0,0
30735,Atlanta GA,1700,0,0,0,0
30735,Atlanta GA,1900,0,0,0,0
30735,Atlanta GA,1300,0,0,0,0
30735,Atlanta GA,1500,0,0,0,0
30739,Atlanta GA,1700,0,0,0,0
30739,Atlanta GA,1900,0,0,0,0
30739,Atlanta GA,1300,0,0,0,0
30739,Atlanta GA,1500,0,0,0,0
30740,Atlanta GA,1700,0,0,0,0
30740,Atlanta GA,1900,0,0,0,0
30740,Atlanta GA,1300,0,0,0,0
30740,Atlanta GA,1500,0,0,0,0
30753,Atlanta GA,1700,0,0,0,0
30753,Atlanta GA,1900,0,0,0,0
30753,Atlanta GA,1300,0,0,0,0
30753,Atlanta GA,1500,0,0,0,0
30755,Atlanta GA,1700,0,0,0,0
30755,Atlanta GA,1900,0,0,0,0
30755,Atlanta GA,1300,0,0,0,0
30755,Atlanta GA,1500,0,0,0,0
30828,Atlanta GA,1700,0,0,0,0
30828,Atlanta GA,1900,0,0,0,0
30828,Atlanta GA,1300,0,0,0,0
30828,Atlanta GA,1500,0,0,0,0
31024,Atlanta GA,1700,0,0,0,0
31024,Atlanta GA,1900,0,0,0,0
31024,Atlanta GA,1300,0,0,0,0
31024,Atlanta GA,1500,0,0,0,0
31029,Atlanta GA,1700,0,0,0,0
31029,Atlanta GA,1900,0,0,0,0
31029,Atlanta GA,1300,0,0,0,0
31029,Atlanta GA,1500,0,0,0,0
31031,Atlanta GA,1700,0,0,0,0
31031,Atlanta GA,1900,0,0,0,0
31031,Atlanta GA,1300,0,0,0,0
31031,Atlanta GA,1500,0,0,0,0
31032,Atlanta GA,1700,0,0,0,0
31032,Atlanta GA,1900,0,0,0,0
31032,Atlanta GA,1300,0,0,0,0
31032,Atlanta GA,1500,0,0,0,0
31033,Atlanta GA,1700,0,0,0,0
31033,Atlanta GA,1900,0,0,0,0
31033,Atlanta GA,1300,0,0,0,0
31033,Atlanta GA,1500,0,0,0,0
31044,Atlanta GA,1700,0,0,0,0
31044,Atlanta GA,1900,0,0,0,0
31044,Atlanta GA,1300,0,0,0,0
31044,Atlanta GA,1500,0,0,0,0
31046,Atlanta GA,1700,0,0,0,0
31046,Atlanta GA,1900,0,0,0,0
31046,Atlanta GA,1300,0,0,0,0
31046,Atlanta GA,1500,0,0,0,0
31052,Atlanta GA,1700,0,0,0,0
31052,Atlanta GA,1900,0,0,0,0
31052,Atlanta GA,1300,0,0,0,0
31052,Atlanta GA,1500,0,0,0,0
31061,Atlanta GA,1700,0,0,0,0
31061,Atlanta GA,1900,0,0,0,0
31061,Atlanta GA,1300,0,0,0,0
31061,Atlanta GA,1500,0,0,0,0
31064,Atlanta GA,1700,0,0,0,0
31064,Atlanta GA,1900,0,0,0,0
31064,Atlanta GA,1300,0,0,0,0
31064,Atlanta GA,1500,0,0,0,0
31087,Atlanta GA,1700,0,0,0,0
31087,Atlanta GA,1900,0,0,0,0
31087,Atlanta GA,1300,0,0,0,0
31087,Atlanta GA,1500,0,0,0,0
31201,Atlanta GA,1700,0,0,0,0
31201,Atlanta GA,1900,0,0,0,0
31201,Atlanta GA,1300,0,0,0,0
31201,Atlanta GA,1500,0,0,0,0
31204,Atlanta GA,1700,0,0,0,0
31204,Atlanta GA,1900,0,0,0,0
31204,Atlanta GA,1300,0,0,0,0
31204,Atlanta GA,1500,0,0,0,0
31206,Atlanta GA,1700,0,0,0,0
31206,Atlanta GA,1900,0,0,0,0
31206,Atlanta GA,1300,0,0,0,0
31206,Atlanta GA,1500,0,0,0,0
31210,Atlanta GA,1700,0,0,0,0
31210,Atlanta GA,1900,0,0,0,0
31210,Atlanta GA,1300,0,0,0,0
31210,Atlanta GA,1500,0,0,0,0
31211,Atlanta GA,1700,0,0,0,0
31211,Atlanta GA,1900,0,0,0,0
31211,Atlanta GA,1300,0,0,0,0
31211,Atlanta GA,1500,0,0,0,0
31216,Atlanta GA,1700,0,0,0,0
31216,Atlanta GA,1900,0,0,0,0
31216,Atlanta GA,1300,0,0,0,0
31216,Atlanta GA,1500,0,0,0,0
31217,Atlanta GA,1700,0,0,0,0
31217,Atlanta GA,1900,0,0,0,0
31217,Atlanta GA,1300,0,0,0,0
31217,Atlanta GA,1500,0,0,0,0
31220,Atlanta GA,1700,0,0,0,0
31220,Atlanta GA,1900,0,0,0,0
31220,Atlanta GA,1300,0,0,0,0
31220,Atlanta GA,1500,0,0,0,0
35620,Nashville TN,1700,0,0,0,0
35620,Nashville TN,1900,0,0,0,0
35620,Nashville TN,1300,0,0,0,0
35620,Nashville TN,1500,0,0,0,0
35739,Nashville TN,1700,0,0,0,0
35739,Nashville TN,1900,0,0,0,0
35739,Nashville TN,1300,0,0,0,0
35739,Nashville TN,1500,0,0,0,0
35750,Nashville TN,1700,0,0,0,0
35750,Nashville TN,1900,0,0,0,0
35750,Nashville TN,1300,0,0,0,0
35750,Nashville TN,1500,0,0,0,0
35761,Nashville TN,1700,0,0,0,0
35761,Nashville TN,1900,0,0,0,0
35761,Nashville TN,1300,0,0,0,0
35761,Nashville TN,1500,0,0,0,0
35772,Nashville TN,1700,0,0,0,0
35772,Nashville TN,1900,0,0,0,0
35772,Nashville TN,1300,0,0,0,0
35772,Nashville TN,1500,0,0,0,0
35773,Nashville TN,1700,0,0,0,0
35773,Nashville TN,1900,0,0,0,0
35773,Nashville TN,1300,0,0,0,0
35773,Nashville TN,1500,0,0,0,0
35958,Nashville TN,1700,0,0,0,0
35958,Nashville TN,1900,0,0,0,0
35958,Nashville TN,1300,0,0,0,0
35958,Nashville TN,1500,0,0,0,0
37010,Nashville TN,1700,0,0,0,0
37010,Nashville TN,1900,0,0,0,0
37010,Nashville TN,1300,0,0,0,0
37010,Nashville TN,1500,0,0,0,0
37012,Nashville TN,1700,0,0,0,0
37012,Nashville TN,1900,0,0,0,0
37012,Nashville TN,1300,0,0,0,0
37012,Nashville TN,1500,0,0,0,0
37013,Nashville TN,1700,0,0,0,0
37013,Nashville TN,1900,0,0,0,0
37013,Nashville TN,1300,0,0,0,0
37013,Nashville TN,1500,0,0,0,0
37015,Nashville TN,1700,0,0,0,0
37015,Nashville TN,1900,0,0,0,0
37015,Nashville TN,1300,0,0,0,0
37015,Nashville TN,1500,0,0,0,0
37018,Nashville TN,1700,0,0,0,0
37018,Nashville TN,1900,0,0,0,0
37018,Nashville TN,1300,0,0,0,0
37018,Nashville TN,1500,0,0,0,0
37022,Nashville TN,1700,0,0,0,0
37022,Nashville TN,1900,0,0,0,0
37022,Nashville TN,1300,0,0,0,0
37022,Nashville TN,1500,0,0,0,0
37025,Nashville TN,1700,0,0,0,0
37025,Nashville TN,1900,0,0,0,0
37025,Nashville TN,1300,0,0,0,0
37025,Nashville TN,1500,0,0,0,0
37026,Nashville TN,1700,0,0,0,0
37026,Nashville TN,1900,0,0,0,0
37026,Nashville TN,1300,0,0,0,0
37026,Nashville TN,1500,0,0,0,0
37027,Nashville TN,1700,0,0,0,0
37027,Nashville TN,1900,0,0,0,0
37027,Nashville TN,1300,0,0,0,0
37027,Nashville TN,1500,0,0,0,0
37029,Nashville TN,1700,0,0,0,0
37029,Nashville TN,1900,0,0,0,0
37029,Nashville TN,1300,0,0,0,0
37029,Nashville TN,1500,0,0,0,0
37030,Nashville TN,1700,0,0,0,0
37030,Nashville TN,1900,0,0,0,0
37030,Nashville TN,1300,0,0,0,0
37030,Nashville TN,1500,0,0,0,0
37031,Nashville TN,1700,0,0,0,0
37031,Nashville TN,1900,0,0,0,0
37031,Nashville TN,1300,0,0,0,0
37031,Nashville TN,1500,0,0,0,0
37032,Nashville TN,1700,0,0,0,0
37032,Nashville TN,1900,0,0,0,0
37032,Nashville TN,1300,0,0,0,0
37032,Nashville TN,1500,0,0,0,0
37033,Nashville TN,1700,0,0,0,0
37033,Nashville TN,1900,0,0,0,0
37033,Nashville TN,1300,0,0,0,0
37033,Nashville TN,1500,0,0,0,0
37034,Nashville TN,1700,0,0,0,0
37034,Nashville TN,1900,0,0,0,0
37034,Nashville TN,1300,0,0,0,0
37034,Nashville TN,1500,0,0,0,0
37035,Nashville TN,1700,0,0,0,0
37035,Nashville TN,1900,0,0,0,0
37035,Nashville TN,1300,0,0,0,0
37035,Nashville TN,1500,0,0,0,0
37036,Nashville TN,1700,0,0,0,0
37036,Nashville TN,1900,0,0,0,0
37036,Nashville TN,1300,0,0,0,0
37036,Nashville TN,1500,0,0,0,0
37037,Nashville TN,1700,0,0,0,0
37037,Nashville TN,1900,0,0,0,0
37037,Nashville TN,1300,0,0,0,0
37037,Nashville TN,1500,0,0,0,0
37040,Nashville TN,1700,0,0,0,0
37040,Nashville TN,1900,0,0,0,0
37040,Nashville TN,1300,0,0,0,0
37040,Nashville TN,1500,0,0,0,0
37042,Nashville TN,1700,0,0,0,0
37042,Nashville TN,1900,0,0,0,0
37042,Nashville TN,1300,0,0,0,0
37042,Nashville TN,1500,0,0,0,0
37043,Nashville TN,1700,0,0,0,0
37043,Nashville TN,1900,0,0,0,0
37043,Nashville TN,1300,0,0,0,0
37043,Nashville TN,1500,0,0,0,0
37046,Nashville TN,1700,0,0,0,0
37046,Nashville TN,1900,0,0,0,0
37046,Nashville TN,1300,0,0,0,0
37046,Nashville TN,1500,0,0,0,0
37047,Nashville TN,1700,0,0,0,0
37047,Nashville TN,1900,0,0,0,0
37047,Nashville TN,1300,0,0,0,0
37047,Nashville TN,1500,0,0,0,0
37048,Nashville TN,1700,0,0,0,0
37048,Nashville TN,1900,0,0,0,0
37048,Nashville TN,1300,0,0,0,0
37048,Nashville TN,1500,0,0,0,0
37049,Nashville TN,1700,0,0,0,0
37049,Nashville TN,1900,0,0,0,0
37049,Nashville TN,1300,0,0,0,0
37049,Nashville TN,1500,0,0,0,0
37051,Nashville TN,1700,0,0,0,0
37051,Nashville TN,1900,0,0,0,0
37051,Nashville TN,1300,0,0,0,0
37051,Nashville TN,1500,0,0,0,0
37052,Nashville TN,1700,0,0,0,0
37052,Nashville TN,1900,0,0,0,0
37052,Nashville TN,1300,0,0,0,0
37052,Nashville TN,1500,0,0,0,0
37055,Nashville TN,1700,0,0,0,0
37055,Nashville TN,1900,0,0,0,0
37055,Nashville TN,1300,0,0,0,0
37055,Nashville TN,1500,0,0,0,0
37059,Nashville TN,1700,0,0,0,0
37059,Nashville TN,1900,0,0,0,0
37059,Nashville TN,1300,0,0,0,0
37059,Nashville TN,1500,0,0,0,0
37060,Nashville TN,1700,0,0,0,0
37060,Nashville TN,1900,0,0,0,0
37060,Nashville TN,1300,0,0,0,0
37060,Nashville TN,1500,0,0,0,0
37062,Nashville TN,1700,0,0,0,0
37062,Nashville TN,1900,0,0,0,0
37062,Nashville TN,1300,0,0,0,0
37062,Nashville TN,1500,0,0,0,0
37064,Nashville TN,1700,0,0,0,0
37064,Nashville TN,1900,0,0,0,0
37064,Nashville TN,1300,0,0,0,0
37064,Nashville TN,1500,0,0,0,0
37066,Nashville TN,1700,0,0,0,0
37066,Nashville TN,1900,0,0,0,0
37066,Nashville TN,1300,0,0,0,0
37066,Nashville TN,1500,0,0,0,0
37067,Nashville TN,1700,0,0,0,0
37067,Nashville TN,1900,0,0,0,0
37067,Nashville TN,1300,0,0,0,0
37067,Nashville TN,1500,0,0,0,0
37069,Nashville TN,1700,0,0,0,0
37069,Nashville TN,1900,0,0,0,0
37069,Nashville TN,1300,0,0,0,0
37069,Nashville TN,1500,0,0,0,0
37072,Nashville TN,1700,0,0,0,0
37072,Nashville TN,1900,0,0,0,0
37072,Nashville TN,1300,0,0,0,0
37072,Nashville TN,1500,0,0,0,0
37073,Nashville TN,1700,0,0,0,0
37073,Nashville TN,1900,0,0,0,0
37073,Nashville TN,1300,0,0,0,0
37073,Nashville TN,1500,0,0,0,0
37074,Nashville TN,1700,0,0,0,0
37074,Nashville TN,1900,0,0,0,0
37074,Nashville TN,1300,0,0,0,0
37074,Nashville TN,1500,0,0,0,0
37075,Nashville TN,1700,0,0,0,0
37075,Nashville TN,1900,0,0,0,0
37075,Nashville TN,1300,0,0,0,0
37075,Nashville TN,1500,0,0,0,0
37076,Nashville TN,1700,0,0,0,0
37076,Nashville TN,1900,0,0,0,0
37076,Nashville TN,1300,0,0,0,0
37076,Nashville TN,1500,0,0,0,0
37080,Nashville TN,1700,0,0,0,0
37080,Nashville TN,1900,0,0,0,0
37080,Nashville TN,1300,0,0,0,0
37080,Nashville TN,1500,0,0,0,0
37083,Nashville TN,1700,0,0,0,0
37083,Nashville TN,1900,0,0,0,0
37083,Nashville TN,1300,0,0,0,0
37083,Nashville TN,1500,0,0,0,0
37085,Nashville TN,1700,0,0,0,0
37085,Nashville TN,1900,0,0,0,0
37085,Nashville TN,1300,0,0,0,0
37085,Nashville TN,1500,0,0,0,0
37086,Nashville TN,1700,0,0,0,0
37086,Nashville TN,1900,0,0,0,0
37086,Nashville TN,1300,0,0,0,0
37086,Nashville TN,1500,0,0,0,0
37087,Nashville TN,1700,0,0,0,0
37087,Nashville TN,1900,0,0,0,0
37087,Nashville TN,1300,0,0,0,0
37087,Nashville TN,1500,0,0,0,0
37090,Nashville TN,1700,0,0,0,0
37090,Nashville TN,1900,0,0,0,0
37090,Nashville TN,1300,0,0,0,0
37090,Nashville TN,1500,0,0,0,0
37091,Nashville TN,1700,0,0,0,0
37091,Nashville TN,1900,0,0,0,0
37091,Nashville TN,1300,0,0,0,0
37091,Nashville TN,1500,0,0,0,0
37097,Nashville TN,1700,0,0,0,0
37097,Nashville TN,1900,0,0,0,0
37097,Nashville TN,1300,0,0,0,0
37097,Nashville TN,1500,0,0,0,0
37098,Nashville TN,1700,0,0,0,0
37098,Nashville TN,1900,0,0,0,0
37098,Nashville TN,1300,0,0,0,0
37098,Nashville TN,1500,0,0,0,0
37101,Nashville TN,1700,0,0,0,0
37101,Nashville TN,1900,0,0,0,0
37101,Nashville TN,1300,0,0,0,0
37101,Nashville TN,1500,0,0,0,0
37110,Nashville TN,1700,0,0,0,0
37110,Nashville TN,1900,0,0,0,0
37110,Nashville TN,1300,0,0,0,0
37110,Nashville TN,1500,0,0,0,0
37115,Nashville TN,1700,0,0,0,0
37115,Nashville TN,1900,0,0,0,0
37115,Nashville TN,1300,0,0,0,0
37115,Nashville TN,1500,0,0,0,0
37122,Nashville TN,1700,0,0,0,0
37122,Nashville TN,1900,0,0,0,0
37122,Nashville TN,1300,0,0,0,0
37122,Nashville TN,1500,0,0,0,0
37127,Nashville TN,1700,0,0,0,0
37127,Nashville TN,1900,0,0,0,0
37127,Nashville TN,1300,0,0,0,0
37127,Nashville TN,1500,0,0,0,0
37128,Nashville TN,1700,0,0,0,0
37128,Nashville TN,1900,0,0,0,0
37128,Nashville TN,1300,0,0,0,0
37128,Nashville TN,1500,0,0,0,0
37129,Nashville TN,1700,0,0,0,0
37129,Nashville TN,1900,0,0,0,0
37129,Nashville TN,1300,0,0,0,0
37129,Nashville TN,1500,0,0,0,0
37130,Nashville TN,1700,0,0,0,0
37130,Nashville TN,1900,0,0,0,0
37130,Nashville TN,1300,0,0,0,0
37130,Nashville TN,1500,0,0,0,0
37134,Nashville TN,1700,0,0,0,0
37134,Nashville TN,1900,0,0,0,0
37134,Nashville TN,1300,0,0,0,0
37134,Nashville TN,1500,0,0,0,0
37135,Nashville TN,1700,0,0,0,0
37135,Nashville TN,1900,0,0,0,0
37135,Nashville TN,1300,0,0,0,0
37135,Nashville TN,1500,0,0,0,0
37137,Nashville TN,1700,0,0,0,0
37137,Nashville TN,1900,0,0,0,0
37137,Nashville TN,1300,0,0,0,0
37137,Nashville TN,1500,0,0,0,0
37138,Nashville TN,1700,0,0,0,0
37138,Nashville TN,1900,0,0,0,0
37138,Nashville TN,1300,0,0,0,0
37138,Nashville TN,1500,0,0,0,0
37142,Nashville TN,1700,0,0,0,0
37142,Nashville TN,1900,0,0,0,0
37142,Nashville TN,1300,0,0,0,0
37142,Nashville TN,1500,0,0,0,0
37143,Nashville TN,1700,0,0,0,0
37143,Nashville TN,1900,0,0,0,0
37143,Nashville TN,1300,0,0,0,0
37143,Nashville TN,1500,0,0,0,0
37144,Nashville TN,1700,0,0,0,0
37144,Nashville TN,1900,0,0,0,0
37144,Nashville TN,1300,0,0,0,0
37144,Nashville TN,1500,0,0,0,0
37146,Nashville TN,1700,0,0,0,0
37146,Nashville TN,1900,0,0,0,0
37146,Nashville TN,1300,0,0,0,0
37146,Nashville TN,1500,0,0,0,0
37148,Nashville TN,1700,0,0,0,0
37148,Nashville TN,1900,0,0,0,0
37148,Nashville TN,1300,0,0,0,0
37148,Nashville TN,1500,0,0,0,0
37150,Nashville TN,1700,0,0,0,0
37150,Nashville TN,1900,0,0,0,0
37150,Nashville TN,1300,0,0,0,0
37150,Nashville TN,1500,0,0,0,0
37153,Nashville TN,1700,0,0,0,0
37153,Nashville TN,1900,0,0,0,0
37153,Nashville TN,1300,0,0,0,0
37153,Nashville TN,1500,0,0,0,0
37160,Nashville TN,1700,0,0,0,0
37160,Nashville TN,1900,0,0,0,0
37160,Nashville TN,1300,0,0,0,0
37160,Nashville TN,1500,0,0,0,0
37166,Nashville TN,1700,0,0,0,0
37166,Nashville TN,1900,0,0,0,0
37166,Nashville TN,1300,0,0,0,0
37166,Nashville TN,1500,0,0,0,0
37167,Nashville TN,1700,0,0,0,0
37167,Nashville TN,1900,0,0,0,0
37167,Nashville TN,1300,0,0,0,0
37167,Nashville TN,1500,0,0,0,0
37172,Nashville TN,1700,0,0,0,0
37172,Nashville TN,1900,0,0,0,0
37172,Nashville TN,1300,0,0,0,0
37172,Nashville TN,1500,0,0,0,0
37174,Nashville TN,1700,0,0,0,0
37174,Nashville TN,1900,0,0,0,0
37174,Nashville TN,1300,0,0,0,0
37174,Nashville TN,1500,0,0,0,0
37179,Nashville TN,1700,0,0,0,0
37179,Nashville TN,1900,0,0,0,0
37179,Nashville TN,1300,0,0,0,0
37179,Nashville TN,1500,0,0,0,0
37180,Nashville TN,1700,0,0,0,0
37180,Nashville TN,1900,0,0,0,0
37180,Nashville TN,1300,0,0,0,0
37180,Nashville TN,1500,0,0,0,0
37183,Nashville TN,1700,0,0,0,0
37183,Nashville TN,1900,0,0,0,0
37183,Nashville TN,1300,0,0,0,0
37183,Nashville TN,1500,0,0,0,0
37184,Nashville TN,1700,0,0,0,0
37184,Nashville TN,1900,0,0,0,0
37184,Nashville TN,1300,0,0,0,0
37184,Nashville TN,1500,0,0,0,0
37185,Nashville TN,1700,0,0,0,0
37185,Nashville TN,1900,0,0,0,0
37185,Nashville TN,1300,0,0,0,0
37185,Nashville TN,1500,0,0,0,0
37186,Nashville TN,1700,0,0,0,0
37186,Nashville TN,1900,0,0,0,0
37186,Nashville TN,1300,0,0,0,0
37186,Nashville TN,1500,0,0,0,0
37187,Nashville TN,1700,0,0,0,0
37187,Nashville TN,1900,0,0,0,0
37187,Nashville TN,1300,0,0,0,0
37187,Nashville TN,1500,0,0,0,0
37188,Nashville TN,1700,0,0,0,0
37188,Nashville TN,1900,0,0,0,0
37188,Nashville TN,1300,0,0,0,0
37188,Nashville TN,1500,0,0,0,0
37189,Nashville TN,1700,0,0,0,0
37189,Nashville TN,1900,0,0,0,0
37189,Nashville TN,1300,0,0,0,0
37189,Nashville TN,1500,0,0,0,0
37190,Nashville TN,1700,0,0,0,0
37190,Nashville TN,1900,0,0,0,0
37190,Nashville TN,1300,0,0,0,0
37190,Nashville TN,1500,0,0,0,0
37203,Nashville TN,1700,0,0,0,0
37203,Nashville TN,1900,0,0,0,0
37203,Nashville TN,1300,0,0,0,0
37203,Nashville TN,1500,0,0,0,0
37204,Nashville TN,1700,0,0,0,0
37204,Nashville TN,1900,0,0,0,0
37204,Nashville TN,1300,0,0,0,0
37204,Nashville TN,1500,0,0,0,0
37205,Nashville TN,1700,0,0,0,0
37205,Nashville TN,1900,0,0,0,0
37205,Nashville TN,1300,0,0,0,0
37205,Nashville TN,1500,0,0,0,0
37206,Nashville TN,1700,0,0,0,0
37206,Nashville TN,1900,0,0,0,0
37206,Nashville TN,1300,0,0,0,0
37206,Nashville TN,1500,0,0,0,0
37207,Nashville TN,1700,0,0,0,0
37207,Nashville TN,1900,0,0,0,0
37207,Nashville TN,1300,0,0,0,0
37207,Nashville TN,1500,0,0,0,0
37208,Nashville TN,1700,0,0,0,0
37208,Nashville TN,1900,0,0,0,0
37208,Nashville TN,1300,0,0,0,0
37208,Nashville TN,1500,0,0,0,0
37209,Nashville TN,1700,0,0,0,0
37209,Nashville TN,1900,0,0,0,0
37209,Nashville TN,1300,0,0,0,0
37209,Nashville TN,1500,0,0,0,0
37210,Nashville TN,1700,0,0,0,0
37210,Nashville TN,1900,0,0,0,0
37210,Nashville TN,1300,0,0,0,0
37210,Nashville TN,1500,0,0,0,0
37211,Nashville TN,1700,0,0,0,0
37211,Nashville TN,1900,0,0,0,0
37211,Nashville TN,1300,0,0,0,0
37211,Nashville TN,1500,0,0,0,0
37212,Nashville TN,1700,0,0,0,0
37212,Nashville TN,1900,0,0,0,0
37212,Nashville TN,1300,0,0,0,0
37212,Nashville TN,1500,0,0,0,0
37214,Nashville TN,1700,0,0,0,0
37214,Nashville TN,1900,0,0,0,0
37214,Nashville TN,1300,0,0,0,0
37214,Nashville TN,1500,0,0,0,0
37215,Nashville TN,1700,0,0,0,0
37215,Nashville TN,1900,0,0,0,0
37215,Nashville TN,1300,0,0,0,0
37215,Nashville TN,1500,0,0,0,0
37216,Nashville TN,1700,0,0,0,0
37216,Nashville TN,1900,0,0,0,0
37216,Nashville TN,1300,0,0,0,0
37216,Nashville TN,1500,0,0,0,0
37217,Nashville TN,1700,0,0,0,0
37217,Nashville TN,1900,0,0,0,0
37217,Nashville TN,1300,0,0,0,0
37217,Nashville TN,1500,0,0,0,0
37218,Nashville TN,1700,0,0,0,0
37218,Nashville TN,1900,0,0,0,0
37218,Nashville TN,1300,0,0,0,0
37218,Nashville TN,1500,0,0,0,0
37220,Nashville TN,1700,0,0,0,0
37220,Nashville TN,1900,0,0,0,0
37220,Nashville TN,1300,0,0,0,0
37220,Nashville TN,1500,0,0,0,0
37221,Nashville TN,1700,0,0,0,0
37221,Nashville TN,1900,0,0,0,0
37221,Nashville TN,1300,0,0,0,0
37221,Nashville TN,1500,0,0,0,0
37301,Nashville TN,1700,0,0,0,0
37301,Nashville TN,1900,0,0,0,0
37301,Nashville TN,1300,0,0,0,0
37301,Nashville TN,1500,0,0,0,0
37324,Nashville TN,1700,0,0,0,0
37324,Nashville TN,1900,0,0,0,0
37324,Nashville TN,1300,0,0,0,0
37324,Nashville TN,1500,0,0,0,0
37327,Nashville TN,1700,0,0,0,0
37327,Nashville TN,1900,0,0,0,0
37327,Nashville TN,1300,0,0,0,0
37327,Nashville TN,1500,0,0,0,0
37330,Nashville TN,1700,0,0,0,0
37330,Nashville TN,1900,0,0,0,0
37330,Nashville TN,1300,0,0,0,0
37330,Nashville TN,1500,0,0,0,0
37334,Nashville TN,1700,0,0,0,0
37334,Nashville TN,1900,0,0,0,0
37334,Nashville TN,1300,0,0,0,0
37334,Nashville TN,1500,0,0,0,0
37335,Nashville TN,1700,0,0,0,0
37335,Nashville TN,1900,0,0,0,0
37335,Nashville TN,1300,0,0,0,0
37335,Nashville TN,1500,0,0,0,0
37342,Nashville TN,1700,0,0,0,0
37342,Nashville TN,1900,0,0,0,0
37342,Nashville TN,1300,0,0,0,0
37342,Nashville TN,1500,0,0,0,0
37345,Nashville TN,1700,0,0,0,0
37345,Nashville TN,1900,0,0,0,0
37345,Nashville TN,1300,0,0,0,0
37345,Nashville TN,1500,0,0,0,0
37347,Nashville TN,1700,0,0,0,0
37347,Nashville TN,1900,0,0,0,0
37347,Nashville TN,1300,0,0,0,0
37347,Nashville TN,1500,0,0,0,0
37352,Nashville TN,1700,0,0,0,0
37352,Nashville TN,1900,0,0,0,0
37352,Nashville TN,1300,0,0,0,0
37352,Nashville TN,1500,0,0,0,0
37355,Nashville TN,1700,0,0,0,0
37355,Nashville TN,1900,0,0,0,0
37355,Nashville TN,1300,0,0,0,0
37355,Nashville TN,1500,0,0,0,0
37356,Nashville TN,1700,0,0,0,0
37356,Nashville TN,1900,0,0,0,0
37356,Nashville TN,1300,0,0,0,0
37356,Nashville TN,1500,0,0,0,0
37357,Nashville TN,1700,0,0,0,0
37357,Nashville TN,1900,0,0,0,0
37357,Nashville TN,1300,0,0,0,0
37357,Nashville TN,1500,0,0,0,0
37374,Nashville TN,1700,0,0,0,0
37374,Nashville TN,1900,0,0,0,0
37374,Nashville TN,1300,0,0,0,0
37374,Nashville TN,1500,0,0,0,0
37375,Nashville TN,1700,0,0,0,0
37375,Nashville TN,1900,0,0,0,0
37375,Nashville TN,1300,0,0,0,0
37375,Nashville TN,1500,0,0,0,0
37380,Nashville TN,1700,0,0,0,0
37380,Nashville TN,1900,0,0,0,0
37380,Nashville TN,1300,0,0,0,0
37380,Nashville TN,1500,0,0,0,0
37388,Nashville TN,1700,0,0,0,0
37388,Nashville TN,1900,0,0,0,0
37388,Nashville TN,1300,0,0,0,0
37388,Nashville TN,1500,0,0,0,0
37397,Nashville TN,1700,0,0,0,0
37397,Nashville TN,1900,0,0,0,0
37397,Nashville TN,1300,0,0,0,0
37397,Nashville TN,1500,0,0,0,0
37398,Nashville TN,1700,0,0,0,0
37398,Nashville TN,1900,0,0,0,0
37398,Nashville TN,1300,0,0,0,0
37398,Nashville TN,1500,0,0,0,0
38341,Nashville TN,1700,0,0,0,0
38341,Nashville TN,1900,0,0,0,0
38341,Nashville TN,1300,0,0,0,0
38341,Nashville TN,1500,0,0,0,0
38401,Nashville TN,1700,0,0,0,0
38401,Nashville TN,1900,0,0,0,0
38401,Nashville TN,1300,0,0,0,0
38401,Nashville TN,1500,0,0,0,0
38449,Nashville TN,1700,0,0,0,0
38449,Nashville TN,1900,0,0,0,0
38449,Nashville TN,1300,0,0,0,0
38449,Nashville TN,1500,0,0,0,0
38451,Nashville TN,1700,0,0,0,0
38451,Nashville TN,1900,0,0,0,0
38451,Nashville TN,1300,0,0,0,0
38451,Nashville TN,1500,0,0,0,0
38461,Nashville TN,1700,0,0,0,0
38461,Nashville TN,1900,0,0,0,0
38461,Nashville TN,1300,0,0,0,0
38461,Nashville TN,1500,0,0,0,0
38462,Nashville TN,1700,0,0,0,0
38462,Nashville TN,1900,0,0,0,0
38462,Nashville TN,1300,0,0,0,0
38462,Nashville TN,1500,0,0,0,0
38464,Nashville TN,1700,0,0,0,0
38464,Nashville TN,1900,0,0,0,0
38464,Nashville TN,1300,0,0,0,0
38464,Nashville TN,1500,0,0,0,0
38474,Nashville TN,1700,0,0,0,0
38474,Nashville TN,1900,0,0,0,0
38474,Nashville TN,1300,0,0,0,0
38474,Nashville TN,1500,0,0,0,0
38476,Nashville TN,1700,0,0,0,0
38476,Nashville TN,1900,0,0,0,0
38476,Nashville TN,1300,0,0,0,0
38476,Nashville TN,1500,0,0,0,0
38478,Nashville TN,1700,0,0,0,0
38478,Nashville TN,1900,0,0,0,0
38478,Nashville TN,1300,0,0,0,0
38478,Nashville TN,1500,0,0,0,0
38483,Nashville TN,1700,0,0,0,0
38483,Nashville TN,1900,0,0,0,0
38483,Nashville TN,1300,0,0,0,0
38483,Nashville TN,1500,0,0,0,0
38501,Nashville TN,1700,0,0,0,0
38501,Nashville TN,1900,0,0,0,0
38501,Nashville TN,1300,0,0,0,0
38501,Nashville TN,1500,0,0,0,0
38506,Nashville TN,1700,0,0,0,0
38506,Nashville TN,1900,0,0,0,0
38506,Nashville TN,1300,0,0,0,0
38506,Nashville TN,1500,0,0,0,0
38544,Nashville TN,1700,0,0,0,0
38544,Nashville TN,1900,0,0,0,0
38544,Nashville TN,1300,0,0,0,0
38544,Nashville TN,1500,0,0,0,0
38549,Nashville TN,1700,0,0,0,0
38549,Nashville TN,1900,0,0,0,0
38549,Nashville TN,1300,0,0,0,0
38549,Nashville TN,1500,0,0,0,0
38551,Nashville TN,1700,0,0,0,0
38551,Nashville TN,1900,0,0,0,0
38551,Nashville TN,1300,0,0,0,0
38551,Nashville TN,1500,0,0,0,0
38555,Nashville TN,1700,0,0,0,0
38555,Nashville TN,1900,0,0,0,0
38555,Nashville TN,1300,0,0,0,0
38555,Nashville TN,1500,0,0,0,0
38562,Nashville TN,1700,0,0,0,0
38562,Nashville TN,1900,0,0,0,0
38562,Nashville TN,1300,0,0,0,0
38562,Nashville TN,1500,0,0,0,0
38570,Nashville TN,1700,0,0,0,0
38570,Nashville TN,1900,0,0,0,0
38570,Nashville TN,1300,0,0,0,0
38570,Nashville TN,1500,0,0,0,0
38571,Nashville TN,1700,0,0,0,0
38571,Nashville TN,1900,0,0,0,0
38571,Nashville TN,1300,0,0,0,0
38571,Nashville TN,1500,0,0,0,0
38574,Nashville TN,1700,0,0,0,0
38574,Nashville TN,1900,0,0,0,0
38574,Nashville TN,1300,0,0,0,0
38574,Nashville TN,1500,0,0,0,0
38581,Nashville TN,1700,0,0,0,0
38581,Nashville TN,1900,0,0,0,0
38581,Nashville TN,1300,0,0,0,0
38581,Nashville TN,1500,0,0,0,0
38582,Nashville TN,1700,0,0,0,0
38582,Nashville TN,1900,0,0,0,0
38582,Nashville TN,1300,0,0,0,0
38582,Nashville TN,1500,0,0,0,0
38583,Nashville TN,1700,0,0,0,0
38583,Nashville TN,1900,0,0,0,0
38583,Nashville TN,1300,0,0,0,0
38583,Nashville TN,1500,0,0,0,0
38587,Nashville TN,1700,0,0,0,0
38587,Nashville TN,1900,0,0,0,0
38587,Nashville TN,1300,0,0,0,0
38587,Nashville TN,1500,0,0,0,0
42101,Nashville TN,1700,0,0,0,0
42101,Nashville TN,1900,0,0,0,0
42101,Nashville TN,1300,0,0,0,0
42101,Nashville TN,1500,0,0,0,0
42103,Nashville TN,1700,0,0,0,0
42103,Nashville TN,1900,0,0,0,0
42103,Nashville TN,1300,0,0,0,0
42103,Nashville TN,1500,0,0,0,0
42104,Nashville TN,1700,0,0,0,0
42104,Nashville TN,1900,0,0,0,0
42104,Nashville TN,1300,0,0,0,0
42104,Nashville TN,1500,0,0,0,0
42134,Nashville TN,1700,0,0,0,0
42134,Nashville TN,1900,0,0,0,0
42134,Nashville TN,1300,0,0,0,0
42134,Nashville TN,1500,0,0,0,0
42211,Nashville TN,1700,0,0,0,0
42211,Nashville TN,1900,0,0,0,0
42211,Nashville TN,1300,0,0,0,0
42211,Nashville TN,1500,0,0,0,0
42223,Nashville TN,1700,0,0,0,0
42223,Nashville TN,1900,0,0,0,0
42223,Nashville TN,1300,0,0,0,0
42223,Nashville TN,1500,0,0,0,0
42240,Nashville TN,1700,0,0,0,0
42240,Nashville TN,1900,0,0,0,0
42240,Nashville TN,1300,0,0,0,0
42240,Nashville TN,1500,0,0,0,0
42262,Nashville TN,1700,0,0,0,0
42262,Nashville TN,1900,0,0,0,0
42262,Nashville TN,1300,0,0,0,0
42262,Nashville TN,1500,0,0,0,0
42445,Nashville TN,1700,0,0,0,0
42445,Nashville TN,1900,0,0,0,0
42445,Nashville TN,1300,0,0,0,0
42445,Nashville TN,1500,0,0,0,0
